Asset,Beta(Market: BSE(SENSEX)),Beta(Market: NSE(NIFTY))
BHEL,0.97963,0.97894
BOB,0.98395,0.98325
Britannia,1.005,1.0043
Colgate,0.98588,0.98518
Dabur,1.0051,1.0044
Godrej,0.99767,0.99696
Havells,0.96338,0.9627
MRF,1.0097,1.009
Oracle FS,0.99451,0.9938
Titan,1.0113,1.0106
