Asset,Beta(Market: BSE(SENSEX)),Beta(Market: NSE(NIFTY))
Airtel,0.99627,0.98734
Asian Paints,0.85985,1.0059
Axis bank,0.93471,0.9379
Coal India,0.98392,0.98593
LT,0.9824,0.98236
Reliance,0.98579,0.99176
SBI,0.84954,0.85416
Tata Motors,0.99254,0.97481
Tata steel,0.99514,0.99045
Wipro,0.98052,0.97667
